N,P,K,temperature,humidity,ph,rainfall,label
94.89,94.22,50.34,29.57,79.54,6.5,114.06,banana
72.48,19.73,40.38,29.91,69.06,6.38,39.41,muskmelon
91.3,19.6,49.61,32.39,61.54,6.78,49.93,muskmelon
85.62,14.79,50.44,27.52,83.04,6.64,50.68,watermelon
17.31,57.98,21.98,24.05,70.36,7.16,54.13,lentil
109.79,8.85,43.17,22.85,77.2,6.59,59.04,watermelon
22.37,113.75,218.78,22.82,63.3,6.21,56.32,grapes
117.52,98.73,52.91,26.32,92.96,6.05,97.8,banana
50.31,44.36,43.63,28.85,68.93,6.87,142.13,papaya
42.48,55.18,72.59,22.97,52.1,7.59,74.98,chickpea
21.91,16.16,14.25,22.04,86.37,6.87,107.4,orange
70.63,52.94,35.84,25.65,61.77,6.7,78.4,maize
13.28,131.6,215.34,27.94,61.27,5.91,65.16,grapes
112.79,40.26,34.41,25.45,60.27,5.81,84.44,cotton
25.85,9.94,28.14,25.76,85.77,6.44,212.13,coconut
46.37,42.56,37.83,24.75,78.67,6.84,135.25,papaya
25.82,41.25,18.65,27.57,50.59,7.17,46.91,mothbeans
55.5,37.38,47.52,28.82,69.29,6.58,146.15,papaya
15.93,133.56,214.53,20.7,72.39,6.31,138.29,apple
27.91,39.6,14.78,28.43,77.46,6.48,52.56,mungbean
124.06,80.89,34.83,26.83,94.44,6.5,94.78,banana
14.02,82.06,19.78,21.82,64.47,6.27,93.65,kidneybeans
41.49,45.07,25.19,26.52,73.47,6.47,71.72,blackgram
117.55,87.47,49.44,23.51,70.07,6.65,95.05,banana
25.55,68.78,24.93,22.93,58.86,6.34,131.41,pigeonpeas
25.27,59.07,30.85,26.68,55.84,6.22,121.04,pigeonpeas
42.9,63.13,86.73,20.48,59.21,6.44,74.89,chickpea
108.56,42.42,35.65,26.37,53.84,6.01,85.54,cotton
28.8,24.74,29.69,27.04,84.48,6.34,150.37,coconut
16.73,16.69,28.21,27.18,81.98,6.03,176.09,coconut
27.75,42.45,20.5,30.54,90.64,6.6,54.87,mungbean
43.21,56.55,69.17,22.49,52.53,6.3,78.99,chickpea
8.72,131.62,213.5,23.14,58.11,6.03,57.7,grapes
16.21,27.2,39.78,22.81,61.48,6.42,107.14,pomegranate
35.67,76.84,22.35,28.78,55.35,6.21,80.4,blackgram
26.24,60.11,21.68,17.85,57.97,6.52,98.16,kidneybeans
99.14,15.34,47.49,25.97,71.76,6.56,36.14,watermelon
17.79,28.77,41.38,27.11,45.41,6.39,95.96,mango
18.27,21.32,22.77,29.02,97.33,6.03,191.89,coconut
82.31,48.15,46.16,26.46,72.97,6.28,127.87,maize
32.86,40.61,17.46,27.95,75.06,6.49,32.9,mungbean
68.04,41.44,49.89,25.13,79.3,6.45,115.12,maize
11.3,45.1,19.39,27.66,90.07,6.99,60.81,mungbean
122.09,36.79,39.33,23.19,74.07,6.37,87.79,cotton
29.09,45.55,23.92,29.57,50.17,6.37,57.35,mothbeans
20.99,37.54,20.47,25.79,41.92,6.87,30.58,mothbeans
32.97,22.29,33.56,28.45,90.98,5.65,142.44,coconut
24.44,143.23,191.07,23.56,66.8,6.19,68.88,grapes
23.85,75.71,15.71,23.48,54.65,6.46,53.38,lentil
26.58,21.0,16.03,21.13,77.9,6.79,96.25,orange
21.42,19.83,28.48,25.76,53.61,6.56,100.93,mango
48.67,61.46,63.61,24.01,75.87,6.14,162.2,papaya
32.79,39.87,18.87,29.35,55.34,6.61,48.32,mothbeans
19.17,22.17,29.11,27.11,55.34,6.77,94.31,mango
76.99,57.45,35.73,27.01,76.58,6.53,230.16,rice
95.12,37.24,40.16,24.63,80.03,6.55,234.21,rice
35.12,113.37,202.6,20.81,65.7,5.67,66.28,grapes
70.9,38.37,35.22,26.39,82.85,6.44,208.72,rice
20.98,64.3,26.98,24.18,55.65,6.2,100.4,pigeonpeas
23.83,20.66,12.92,24.18,78.12,7.3,93.81,orange
15.11,43.47,20.28,25.68,54.79,7.02,27.75,mothbeans
90.64,47.02,45.63,26.86,55.39,5.86,88.86,maize
80.8,78.22,39.21,25.1,83.04,6.18,100.98,banana
27.3,67.71,25.2,24.68,51.84,5.9,82.73,pigeonpeas
16.66,139.7,230.22,24.77,59.23,6.49,80.33,grapes
99.44,19.34,55.87,27.14,67.57,6.51,52.43,watermelon
104.07,9.0,29.57,24.12,69.17,6.29,67.16,watermelon
51.01,53.24,60.68,27.64,81.86,6.75,124.94,papaya
85.58,52.38,43.33,25.32,63.15,6.63,85.83,maize
90.27,77.71,51.96,28.77,62.25,5.91,107.0,banana
35.36,65.1,76.89,18.67,67.29,7.42,85.22,chickpea
18.52,29.7,43.75,23.63,49.92,6.58,88.68,pomegranate
25.09,21.17,31.75,26.87,43.68,6.59,104.94,mango
99.98,20.55,43.21,27.19,71.07,6.81,49.56,muskmelon
18.1,39.18,23.3,28.9,55.61,6.61,51.13,mothbeans
24.65,37.2,12.64,29.02,39.39,7.07,41.18,mothbeans
106.52,15.59,30.03,26.32,75.85,6.66,54.18,watermelon
108.13,54.2,42.01,24.13,75.33,6.62,226.94,rice
21.78,28.73,29.56,28.82,48.17,6.73,79.45,mango
20.64,44.63,23.66,26.98,71.55,6.88,59.81,mungbean
81.42,23.92,46.04,26.3,77.13,6.15,50.63,watermelon
59.5,36.53,38.46,23.67,63.24,6.98,124.6,maize
19.04,41.59,14.91,29.56,59.39,6.4,41.77,mothbeans
65.62,52.26,42.62,23.99,66.11,6.52,105.52,maize
20.75,48.39,30.93,29.0,80.91,6.42,44.7,mungbean
107.52,78.56,47.93,26.69,69.7,6.17,108.73,banana
102.65,43.85,36.55,22.82,56.83,6.12,82.17,cotton
100.65,15.54,48.32,26.46,63.82,6.85,46.88,muskmelon
25.54,114.94,215.35,18.81,58.92,6.24,108.5,apple
12.1,47.61,25.71,30.66,75.44,7.21,62.42,mungbean
38.75,62.85,27.83,28.42,54.36,6.66,80.36,blackgram
13.68,12.72,36.37,20.91,58.28,6.69,108.12,pomegranate
108.1,83.62,48.49,30.45,72.56,6.2,105.19,banana
30.99,58.67,14.33,28.11,63.33,6.51,117.37,pigeonpeas
22.13,131.54,200.32,17.23,66.28,6.06,109.43,apple
15.48,64.36,17.74,21.45,62.35,6.73,39.63,lentil
22.52,124.52,185.32,20.53,75.95,5.91,114.93,apple
81.96,51.57,41.41,27.11,62.36,6.31,113.55,maize
78.2,52.35,52.73,23.88,56.14,6.67,105.62,maize
14.08,12.41,9.72,26.18,78.22,6.68,109.52,orange
81.65,28.37,52.29,26.25,62.4,6.52,35.48,muskmelon
36.86,45.63,10.42,25.23,57.12,6.45,60.01,blackgram
18.71,14.37,26.71,28.12,93.77,5.92,170.21,coconut
26.37,43.24,10.74,27.41,53.04,6.95,40.49,mothbeans
14.61,131.89,200.5,26.02,65.04,5.73,67.93,grapes
15.41,134.84,193.18,23.2,72.63,5.74,70.77,grapes
13.49,26.48,27.56,29.53,51.94,7.23,81.84,mango
107.8,34.84,34.04,24.21,61.5,5.33,84.53,cotton
16.19,71.35,21.83,20.25,54.08,6.3,94.92,kidneybeans
19.52,14.82,33.2,23.19,91.23,5.98,212.1,coconut
90.91,78.28,43.1,24.79,77.7,5.89,95.66,banana
22.83,12.02,19.64,22.37,75.8,6.83,143.79,orange
106.74,40.48,33.74,23.14,51.24,5.63,98.84,cotton
21.91,27.85,2.46,22.57,74.95,6.84,134.92,orange
87.43,45.92,41.28,25.47,69.58,6.46,87.75,maize
19.15,65.11,23.68,21.06,59.95,7.0,44.2,lentil
30.02,77.5,20.85,18.71,59.63,5.25,108.25,kidneybeans
115.33,26.16,24.07,27.29,67.38,6.66,84.82,cotton
91.25,75.07,39.68,25.64,67.75,6.42,140.28,banana
21.99,38.61,12.76,31.1,56.64,7.13,42.53,mothbeans
60.08,58.16,44.45,26.11,88.88,6.58,140.34,papaya
21.59,58.37,19.37,22.4,78.8,6.87,57.36,lentil
99.14,17.18,45.6,27.77,74.46,6.58,51.25,muskmelon
14.46,49.5,26.11,29.16,49.72,7.24,51.88,mothbeans
25.64,78.62,19.5,26.82,70.79,6.82,96.23,pigeonpeas
13.4,13.82,28.78,26.43,46.09,6.88,94.27,mango
24.3,25.39,28.15,28.85,49.88,6.51,71.46,mango
23.74,59.37,19.23,22.02,57.51,7.02,46.48,lentil
43.74,42.95,41.34,28.43,79.74,6.53,99.89,papaya
28.45,21.71,13.16,23.68,74.47,6.56,116.89,orange
14.98,31.39,25.78,27.51,40.16,6.09,93.44,mango
6.11,21.12,0.88,24.52,69.67,7.37,166.2,orange
21.54,44.01,25.22,28.71,46.62,7.23,36.32,mothbeans
124.68,47.51,33.54,29.32,66.52,6.07,99.54,cotton
89.84,85.43,48.49,26.68,81.58,6.15,101.49,banana
67.26,52.86,48.07,25.0,56.52,5.49,110.72,maize
49.91,65.3,98.24,20.33,55.79,6.93,103.61,chickpea
27.49,43.56,24.78,30.6,60.79,6.42,111.91,pigeonpeas
86.91,54.24,40.83,25.29,83.71,6.66,225.79,rice
46.1,46.47,59.16,25.28,61.64,6.46,89.4,maize
91.44,55.13,46.12,26.29,92.46,6.35,241.86,rice
25.19,59.29,24.85,26.61,51.35,6.22,116.52,pigeonpeas
86.36,19.99,56.63,27.75,68.89,7.08,39.15,muskmelon
24.56,42.48,23.98,27.58,53.16,7.04,58.57,mothbeans
54.67,56.55,46.29,27.39,83.56,6.09,145.21,papaya
14.86,18.61,35.42,26.28,90.14,5.52,176.09,coconut
17.22,16.93,10.14,22.45,73.03,6.82,96.3,orange
30.12,58.72,22.1,22.9,63.85,6.36,92.24,pigeonpeas
15.64,16.19,5.76,22.66,76.93,5.81,154.72,orange
16.28,44.68,25.83,26.63,77.49,7.04,35.95,mungbean
25.43,103.75,220.72,22.24,74.61,6.26,61.53,grapes
13.22,62.77,26.52,21.01,70.92,5.9,90.48,kidneybeans
118.39,49.23,35.89,26.34,59.64,5.89,91.45,cotton
12.26,62.76,17.69,19.95,71.36,6.81,50.92,lentil
21.43,11.76,30.19,28.69,100.0,6.28,206.23,coconut
12.58,22.73,45.71,22.33,60.45,6.1,113.36,pomegranate
23.17,48.54,26.24,33.56,67.74,6.54,50.07,mungbean
85.71,12.29,51.77,24.87,70.33,6.65,52.21,watermelon
75.9,44.56,41.52,21.84,59.67,6.17,120.61,maize
61.14,48.5,48.88,28.54,70.04,6.42,137.07,papaya
21.52,19.31,24.88,26.83,53.02,7.17,96.56,mango
28.91,137.19,207.98,19.88,66.26,6.23,127.38,apple
15.17,134.18,200.55,18.65,72.46,6.05,63.12,grapes
112.93,11.61,45.53,26.65,82.69,7.07,57.88,watermelon
54.19,46.51,43.16,26.58,84.61,6.32,129.85,papaya
104.97,18.99,43.89,24.03,81.68,6.54,50.01,watermelon
24.52,42.26,16.85,28.84,56.17,7.22,46.05,mothbeans
92.38,18.79,45.77,25.19,70.53,6.95,39.88,watermelon
18.92,40.24,17.3,28.18,78.54,7.01,63.65,mungbean
15.75,38.7,18.5,26.31,80.01,6.82,58.85,mungbean
38.07,68.44,17.29,29.57,68.25,6.59,71.22,blackgram
10.97,18.27,25.94,19.88,51.85,6.14,101.99,pomegranate
48.99,76.49,82.65,22.93,55.07,6.87,65.16,chickpea
136.31,39.84,34.91,22.57,58.62,5.74,87.09,cotton
11.43,25.26,32.12,18.75,59.26,7.08,105.92,pomegranate
42.12,57.5,23.94,27.42,62.08,6.39,86.97,blackgram
19.39,53.55,24.05,28.17,40.38,6.66,50.5,mothbeans
24.96,46.0,17.69,29.2,60.6,7.17,42.91,mothbeans
23.85,13.05,9.46,22.82,75.19,7.17,156.5,orange
99.38,13.65,49.27,25.81,71.53,6.43,57.02,watermelon
13.86,23.86,40.53,18.46,47.11,6.02,105.9,pomegranate
114.39,16.47,51.72,24.66,71.27,6.63,60.73,watermelon
36.96,64.59,19.56,25.76,59.26,7.01,68.69,blackgram
101.78,75.34,43.17,27.48,70.72,6.35,138.09,banana
21.57,15.29,10.69,23.81,73.24,6.92,144.59,orange
42.12,78.66,81.36,18.7,54.34,6.79,62.72,chickpea
39.41,60.84,24.24,29.98,64.99,6.79,64.11,blackgram
38.02,43.63,24.2,30.08,73.94,6.63,70.39,blackgram
16.95,12.38,28.82,27.74,83.95,6.44,199.08,coconut
110.69,25.27,50.91,32.83,74.33,6.81,37.99,muskmelon
18.39,15.99,33.74,29.26,93.32,5.92,167.75,coconut
25.59,13.45,8.11,21.27,74.1,6.8,105.44,orange
103.12,13.54,54.92,27.56,69.84,6.62,64.44,watermelon
22.31,52.97,29.31,20.58,60.91,6.2,87.24,kidneybeans
24.89,55.14,19.64,26.36,53.38,6.51,90.51,pigeonpeas
19.69,66.07,18.3,21.9,56.19,7.12,38.73,lentil
8.08,48.02,8.9,31.15,79.02,7.15,47.78,mungbean
36.5,60.71,33.93,27.64,65.78,6.15,94.24,pigeonpeas
12.13,110.93,233.31,23.63,67.71,5.91,64.46,grapes
76.98,43.44,49.14,25.69,67.31,6.49,113.91,maize
92.12,33.01,39.75,23.98,74.69,5.89,211.18,rice
95.23,62.67,55.85,25.69,85.8,6.1,97.04,banana
101.12,10.5,47.84,29.88,72.57,6.08,56.44,watermelon
21.61,28.21,33.31,24.26,48.61,6.23,116.42,mango
23.24,7.73,5.79,22.51,79.68,6.99,136.37,orange
20.37,21.27,24.65,26.08,52.46,6.92,67.32,mango
20.55,70.01,27.36,15.09,53.49,5.58,100.42,kidneybeans
24.82,9.33,36.21,27.53,84.57,6.07,175.62,coconut
25.32,26.81,30.14,23.56,60.62,5.96,96.36,pomegranate
19.48,15.75,16.02,24.05,74.67,7.39,156.55,orange
76.56,57.0,40.05,25.1,64.84,6.41,99.0,maize
41.72,62.44,74.98,22.07,63.88,7.43,86.83,chickpea
15.64,14.76,19.47,27.02,88.51,5.92,165.71,coconut
26.87,20.63,10.14,22.2,81.75,6.65,125.65,orange
106.08,17.53,59.76,22.93,69.25,6.8,67.37,watermelon
22.02,58.07,18.65,29.26,85.55,7.2,55.09,mungbean
102.21,13.82,43.86,27.79,74.56,6.34,56.16,watermelon
18.44,65.24,21.13,25.96,61.88,6.23,116.25,pigeonpeas
20.04,16.92,25.92,31.73,86.52,6.54,175.92,coconut
101.04,9.37,53.96,25.37,64.02,6.92,47.04,muskmelon
18.24,46.46,24.23,29.07,85.55,6.77,52.34,mungbean
92.44,22.34,48.82,21.83,65.09,7.08,31.55,muskmelon
138.28,29.71,26.7,24.28,51.73,5.92,87.1,cotton
89.57,54.45,29.27,24.44,85.55,5.65,258.97,rice
53.49,70.16,49.2,26.79,82.46,7.08,161.96,papaya
90.17,39.97,41.92,23.77,87.27,6.18,215.12,rice
98.71,84.2,51.74,26.45,74.84,6.11,119.47,banana
37.22,56.86,22.71,26.01,62.54,6.53,78.37,blackgram
25.08,16.2,37.2,28.3,88.51,5.38,145.01,coconut
97.69,87.88,48.52,26.11,76.81,5.75,110.0,banana
8.14,41.87,15.49,31.34,67.78,6.3,63.88,mungbean
108.76,39.01,27.75,28.1,58.68,6.16,99.87,cotton
13.58,21.52,40.65,20.54,45.78,5.98,92.99,pomegranate
15.18,21.78,33.17,26.7,51.18,6.37,85.01,mango
78.47,46.85,46.27,24.19,78.08,5.45,215.71,rice
99.78,44.1,36.38,25.1,83.45,6.26,191.37,rice
16.12,62.53,21.2,28.04,60.28,6.67,119.81,pigeonpeas
142.98,35.95,47.7,25.95,61.98,5.89,91.74,cotton
14.84,91.02,21.63,18.18,67.5,5.96,101.81,kidneybeans
12.24,46.53,19.83,27.62,78.51,7.77,61.68,mungbean
77.48,52.15,39.2,24.73,79.89,6.39,229.65,rice
28.27,65.81,23.65,25.33,54.79,5.83,107.99,pigeonpeas
76.93,94.52,56.29,31.35,69.66,6.71,105.88,banana
21.97,132.49,208.33,19.66,65.7,6.3,110.4,apple
33.52,47.31,16.4,27.25,72.34,7.13,52.08,mungbean
43.31,67.88,61.45,20.65,51.66,6.35,90.14,chickpea
31.8,62.02,17.89,23.71,70.92,6.7,39.95,lentil
67.33,39.04,40.17,24.95,63.92,6.21,107.9,maize
77.3,60.47,37.85,24.95,75.93,5.72,93.09,maize
27.17,46.47,12.98,30.02,54.43,6.61,54.51,mothbeans
76.85,40.54,52.82,26.75,63.48,6.43,78.19,maize
111.45,39.0,39.53,23.5,47.86,5.8,88.67,cotton
24.24,122.39,163.34,20.82,71.3,6.12,114.48,apple
42.76,43.61,46.34,27.86,76.07,6.27,145.9,papaya
40.06,59.56,17.12,26.69,73.88,6.46,63.4,blackgram
16.08,45.81,19.03,29.36,82.74,7.01,53.29,mungbean
98.35,78.22,41.61,26.53,86.02,6.28,88.04,banana
14.99,13.43,22.01,26.17,98.16,5.95,220.84,coconut
19.89,11.68,30.65,28.48,87.75,6.32,207.84,coconut
97.48,44.33,35.63,24.02,85.9,6.46,234.34,rice
97.4,16.46,54.25,27.31,59.46,6.59,44.34,muskmelon
16.71,16.76,48.55,19.42,52.98,6.54,86.89,pomegranate
73.37,55.31,48.66,26.75,61.87,6.15,103.68,maize
32.06,50.99,21.45,28.28,53.75,7.24,42.03,mothbeans
46.41,64.31,21.24,29.32,67.91,6.93,77.72,blackgram
63.36,44.19,63.34,24.39,73.13,5.73,151.3,papaya
17.18,137.73,195.13,18.21,70.39,6.26,127.9,apple
34.76,54.54,18.26,24.93,62.46,6.54,66.64,blackgram
21.56,130.96,235.31,25.58,69.59,5.5,64.16,grapes
38.59,59.84,16.72,28.74,73.62,6.34,74.08,blackgram
6.97,27.02,38.23,21.19,47.32,6.68,92.18,pomegranate
40.16,64.01,92.63,15.69,57.38,7.35,64.85,chickpea
27.85,11.41,28.81,26.06,95.94,6.73,141.94,coconut
21.13,41.38,16.72,26.98,61.6,7.22,58.68,mothbeans
105.23,75.53,52.05,26.7,68.51,6.2,91.13,banana
91.48,49.16,44.13,24.87,79.23,6.5,214.95,rice
22.02,55.39,19.88,20.16,65.34,6.06,108.67,kidneybeans
22.71,178.15,169.0,22.26,67.51,6.14,86.38,grapes
68.63,53.56,46.1,21.89,64.59,6.39,98.12,maize
17.34,125.27,236.84,21.45,74.78,6.87,105.29,apple
20.15,27.79,32.79,25.84,53.28,6.52,83.43,mango
25.13,131.3,212.75,22.7,63.67,6.01,117.18,apple
27.25,58.23,16.92,28.78,62.19,6.15,101.46,pigeonpeas
31.54,42.11,23.3,27.29,55.68,7.26,41.3,mothbeans
17.71,56.95,33.53,27.81,63.38,6.44,109.16,pigeonpeas
111.48,16.12,57.11,26.28,61.74,6.55,24.01,muskmelon
44.19,60.97,17.07,27.52,73.62,6.69,55.62,blackgram
21.28,61.64,21.86,25.0,64.32,7.52,46.91,lentil
22.72,49.19,17.95,26.69,55.62,6.53,110.7,pigeonpeas
132.78,37.53,35.65,23.03,62.54,6.48,80.89,cotton
27.09,16.96,26.46,27.79,93.06,5.91,168.46,coconut
12.18,135.09,229.24,19.85,72.43,6.03,103.33,apple
105.82,85.68,43.26,27.92,69.64,5.98,118.55,banana
19.36,20.93,45.98,20.92,46.57,6.84,95.56,pomegranate
39.09,68.16,15.67,24.58,68.69,6.72,74.03,blackgram
19.81,9.45,36.02,20.28,65.46,6.77,93.31,pomegranate
19.8,14.85,38.44,22.9,84.26,6.0,156.55,coconut
13.95,84.7,24.1,22.9,72.49,7.14,60.73,lentil
85.75,46.69,43.28,22.88,80.08,6.04,203.13,rice
17.96,57.28,12.28,20.68,60.34,5.79,105.11,kidneybeans
100.55,98.52,46.8,26.14,87.29,6.07,114.1,banana
17.67,55.63,21.15,22.56,62.18,7.16,35.71,lentil
14.96,16.96,43.25,20.5,49.21,6.4,102.71,pomegranate
9.36,56.4,22.66,23.7,66.11,7.58,34.85,lentil
11.99,124.45,233.69,20.29,68.8,5.9,139.26,apple
14.78,12.03,30.1,26.58,90.58,5.66,144.12,coconut
25.25,49.94,27.4,28.16,65.67,6.73,61.49,mungbean
22.94,27.97,26.38,27.29,63.19,6.79,82.51,mango
18.83,13.41,22.21,29.17,94.08,6.37,170.64,coconut
14.83,17.18,31.1,27.42,60.2,6.57,93.2,mango
25.26,27.28,23.34,24.61,53.2,6.33,87.56,mango
106.12,86.95,49.04,27.15,73.31,5.9,114.69,banana
19.63,24.53,18.92,26.6,49.06,6.74,105.29,mango
110.97,25.65,44.61,26.86,57.07,7.09,61.52,muskmelon
26.33,74.01,22.69,27.05,63.86,7.96,43.18,lentil
18.44,24.88,40.2,22.4,44.43,6.8,102.13,pomegranate
26.6,61.86,32.89,25.08,59.67,6.8,120.93,pigeonpeas
36.35,53.96,17.8,29.88,68.97,6.51,66.13,blackgram
113.98,31.56,43.84,25.16,62.73,7.26,53.34,muskmelon
28.89,53.69,29.39,24.53,61.97,6.46,97.23,pigeonpeas
94.84,49.43,43.2,23.14,58.81,5.86,98.27,maize
45.13,60.29,88.38,21.72,49.27,7.14,81.29,chickpea
22.45,43.48,20.31,28.69,79.29,7.07,59.44,mungbean
20.33,117.45,173.63,21.22,64.71,5.84,64.24,grapes
22.42,124.91,165.42,21.31,69.68,6.61,105.23,apple
98.0,84.21,48.27,25.83,87.63,6.57,95.41,banana
15.56,38.21,17.79,28.17,74.13,7.01,51.43,mungbean
18.01,15.48,38.65,17.66,52.03,6.64,109.9,pomegranate
107.3,25.63,45.37,28.06,69.17,6.1,60.2,muskmelon
42.33,74.85,97.13,21.06,58.54,6.4,74.21,chickpea
110.76,20.94,41.45,24.45,74.74,7.12,47.58,muskmelon
22.54,48.53,18.13,32.32,79.41,6.15,46.98,mungbean
100.41,19.91,48.23,26.3,68.44,6.71,36.61,muskmelon
27.74,123.66,233.02,22.54,66.47,5.98,55.74,grapes
88.37,38.92,43.9,27.19,70.29,5.74,223.37,rice
26.46,55.4,15.67,28.53,78.07,6.77,49.81,mungbean
96.56,16.22,48.95,30.4,76.31,6.82,44.8,muskmelon
85.37,69.94,63.93,26.68,73.35,6.7,108.55,banana
52.0,51.13,48.3,31.4,85.83,6.25,140.24,papaya
98.69,94.42,51.48,28.14,79.69,6.29,95.73,banana
6.86,18.26,43.97,24.04,59.69,5.99,97.21,pomegranate
11.68,86.07,15.42,25.27,70.82,6.55,48.95,lentil
16.75,63.86,16.44,17.92,75.69,6.1,116.17,kidneybeans
29.82,64.9,77.7,20.31,54.83,6.88,83.53,chickpea
43.9,66.8,16.53,24.59,61.8,6.81,65.45,blackgram
28.21,75.69,20.12,22.97,64.21,6.98,57.8,lentil
11.42,19.54,32.09,30.0,51.89,7.0,90.19,mango
18.74,15.51,27.48,28.5,100.0,5.96,170.6,coconut
90.71,66.57,42.63,21.01,63.14,6.2,107.49,maize
14.26,12.71,29.62,29.05,79.44,5.44,190.58,coconut
23.31,75.92,22.97,22.27,70.7,5.87,109.7,kidneybeans
23.41,36.42,14.53,29.85,43.47,7.4,44.56,mothbeans
42.54,52.79,57.35,26.86,76.78,6.63,109.7,papaya
80.66,49.63,44.0,23.1,67.58,6.0,118.79,maize
29.98,39.19,21.47,29.66,58.96,7.67,38.89,mothbeans
42.75,76.52,60.44,19.93,49.8,6.84,69.86,chickpea
21.28,34.97,16.43,29.89,76.32,6.62,66.21,mungbean
30.16,64.73,25.14,23.4,64.82,6.7,45.95,lentil
25.52,46.62,22.29,29.15,82.18,7.6,62.77,mungbean
43.93,68.2,67.16,23.1,52.0,6.22,65.59,chickpea
19.86,67.57,16.32,23.55,55.4,7.39,39.55,lentil
21.22,30.32,26.74,25.87,51.09,6.95,81.1,mango
38.15,67.84,49.52,21.19,33.11,6.2,79.07,chickpea
16.35,15.46,42.18,20.76,51.35,6.23,132.06,pomegranate
25.1,79.37,20.92,21.23,63.64,5.8,113.79,kidneybeans
92.11,42.69,39.97,25.21,84.03,6.69,222.39,rice
26.44,116.31,224.11,22.45,60.14,6.41,128.23,apple
22.81,58.24,21.76,22.94,64.8,5.87,98.61,kidneybeans
40.6,61.26,25.2,25.55,66.05,6.95,55.43,blackgram
62.4,57.94,44.81,26.85,78.73,7.03,152.61,papaya
23.16,69.9,13.12,18.93,64.19,6.21,103.22,kidneybeans
91.31,21.28,39.14,28.26,62.28,6.83,40.83,muskmelon
42.41,52.07,82.39,21.82,57.25,7.02,62.36,chickpea
17.55,68.31,16.43,14.73,53.73,5.37,76.65,kidneybeans
77.65,46.36,40.61,25.89,87.23,6.28,237.92,rice
90.72,16.09,57.78,28.59,71.61,7.02,29.18,muskmelon
16.28,20.89,42.8,19.35,55.39,6.65,109.91,pomegranate
72.1,50.65,44.5,25.92,67.07,6.53,100.91,maize
23.12,25.6,27.75,28.23,86.04,6.05,141.68,coconut
18.24,13.65,17.19,24.19,88.21,7.09,114.28,orange
26.12,60.02,26.41,25.74,59.46,5.84,106.7,pigeonpeas
34.69,65.44,77.15,19.89,58.72,6.92,77.84,chickpea
19.67,152.14,244.57,21.78,72.02,5.85,124.92,apple
25.04,58.41,17.64,27.91,45.52,6.63,86.2,pigeonpeas
23.7,66.55,26.18,26.81,68.18,6.32,82.56,pigeonpeas
24.85,13.62,33.78,28.14,82.59,6.24,183.16,coconut
96.83,93.75,54.13,24.86,78.97,6.78,102.72,banana
39.14,80.9,78.23,21.24,53.61,6.83,75.05,chickpea
98.14,44.23,40.6,25.34,68.65,5.85,77.6,cotton
18.71,105.32,224.52,17.84,68.93,6.19,124.87,apple
24.23,55.66,16.69,17.42,56.21,6.02,78.74,kidneybeans
85.58,43.29,39.46,25.05,82.92,6.72,152.24,rice
82.43,9.0,43.23,25.2,77.62,6.7,59.18,watermelon
35.21,72.22,86.65,21.3,62.5,7.02,81.66,chickpea
25.63,29.87,26.47,25.68,46.13,7.06,79.2,mango
70.4,52.99,49.11,24.75,69.56,6.38,117.0,maize
19.46,69.68,21.15,25.65,65.45,6.84,53.77,lentil
29.13,55.42,26.64,22.32,77.08,7.11,36.87,lentil
21.99,112.55,178.95,21.78,77.15,6.73,139.89,apple
95.31,48.37,37.09,24.2,52.67,5.62,89.12,cotton
83.27,44.76,36.6,26.3,79.27,5.77,186.26,rice
10.91,25.41,38.3,20.68,52.74,5.83,86.42,pomegranate
107.1,91.34,43.91,25.37,80.76,6.18,81.24,banana
105.78,84.74,51.83,27.08,82.18,6.53,116.48,banana
25.23,132.67,214.78,20.31,76.02,5.58,82.84,grapes
93.12,13.88,39.63,27.07,76.0,6.68,48.04,watermelon
18.29,23.62,33.31,26.99,89.59,5.99,163.41,coconut
25.6,42.73,15.58,29.92,71.4,6.72,54.08,mungbean
77.64,44.39,44.14,24.23,67.3,6.65,96.03,maize
107.39,72.28,42.3,28.86,67.78,6.52,101.82,banana
92.47,75.18,37.96,28.55,85.15,5.95,109.39,banana
23.04,15.84,36.2,27.84,90.2,6.6,215.03,coconut
27.38,131.04,224.04,19.47,67.13,6.37,109.67,apple
23.08,48.87,16.79,28.42,53.2,7.24,48.8,mothbeans
22.36,15.76,13.99,23.03,94.08,7.05,122.81,orange
97.68,12.93,56.43,22.07,65.32,6.48,46.19,muskmelon
96.92,18.58,44.47,23.65,71.57,6.51,52.21,watermelon
10.55,17.54,14.83,27.55,72.65,6.81,104.02,orange
100.6,70.37,57.98,28.14,82.36,6.62,96.77,banana
21.85,70.65,16.65,23.59,61.26,6.72,36.0,lentil
101.17,38.05,36.67,23.83,79.66,5.72,236.77,rice
79.32,11.74,52.76,25.53,69.81,6.97,34.83,muskmelon
16.62,29.39,36.52,20.87,57.56,6.49,93.99,pomegranate
21.56,23.73,33.72,28.4,51.96,6.71,86.14,mango
22.86,54.61,21.79,25.46,67.92,6.95,44.23,lentil
42.44,77.73,23.2,30.15,66.1,6.47,73.2,blackgram
63.73,48.09,38.73,25.79,76.98,5.89,98.95,maize
91.78,41.02,47.3,22.63,67.85,6.25,85.83,maize
19.94,119.88,263.09,22.03,66.79,5.74,85.0,grapes
28.1,38.21,20.16,28.27,52.18,7.15,38.76,mothbeans
26.96,46.78,19.54,27.04,68.28,6.84,39.67,mothbeans
38.88,73.9,18.93,24.26,76.36,6.74,69.41,blackgram
43.96,57.82,29.08,25.91,66.3,6.49,69.16,blackgram
15.43,14.1,39.4,22.91,47.19,6.43,112.3,pomegranate
21.24,39.68,15.64,31.6,55.34,7.09,30.79,mothbeans
71.79,47.85,37.56,25.52,84.88,6.36,237.57,rice
16.88,70.21,17.0,22.42,64.18,5.92,120.04,kidneybeans
35.76,52.48,26.33,29.97,59.05,6.84,69.27,blackgram
32.67,49.57,63.54,29.39,66.92,6.39,124.09,papaya
20.0,129.22,254.38,24.11,50.73,6.11,70.32,grapes
25.7,53.63,19.27,25.31,56.19,5.99,107.04,pigeonpeas
27.15,23.46,28.41,27.85,44.97,7.21,93.91,mango
131.61,38.05,41.85,23.7,60.39,6.67,81.45,cotton
121.35,16.56,52.84,27.88,74.18,6.19,35.49,watermelon
90.48,79.35,51.19,29.81,76.2,6.54,120.52,banana
13.92,20.88,16.94,26.13,47.63,6.62,101.96,mango
11.72,133.59,209.83,26.93,70.09,5.85,76.87,grapes
14.08,70.79,21.64,18.07,62.16,6.2,112.79,kidneybeans
98.91,10.66,50.46,24.88,66.33,5.93,52.13,watermelon
92.71,20.55,44.26,24.95,81.82,6.8,52.14,watermelon
11.18,27.75,34.09,27.79,48.68,7.0,91.85,mango
48.61,50.95,45.44,27.79,86.71,6.04,125.37,papaya
37.95,47.37,20.57,29.44,57.81,6.72,72.78,blackgram
8.4,51.79,17.28,19.53,66.14,6.17,100.16,kidneybeans
18.16,58.52,20.9,27.2,57.67,6.92,111.38,pigeonpeas
13.01,109.36,208.66,19.62,64.78,5.64,70.85,grapes
49.1,55.51,53.6,25.65,78.82,7.02,130.53,papaya
91.92,11.75,45.39,23.69,63.0,6.43,50.26,watermelon
39.19,70.55,27.33,26.03,64.75,6.53,61.72,blackgram
19.99,67.56,22.56,23.75,62.62,6.78,38.46,lentil
83.75,60.59,39.32,22.9,73.01,6.23,128.53,maize
33.5,69.32,84.07,17.28,54.26,7.15,84.53,chickpea
22.0,23.16,26.36,30.82,56.02,7.09,96.22,mango
116.67,49.52,31.02,26.65,59.4,5.88,71.03,cotton
33.92,49.84,28.64,26.67,64.85,6.36,62.07,blackgram
34.07,55.54,84.66,20.6,58.29,6.73,77.5,chickpea
45.33,65.33,71.21,18.55,57.07,6.93,86.59,chickpea
24.56,58.9,21.12,21.21,61.13,6.66,52.19,lentil
125.66,69.11,53.97,25.76,78.48,5.98,112.08,banana
12.91,17.13,46.05,20.45,61.63,6.65,95.89,pomegranate
35.3,55.82,13.71,24.42,74.18,6.92,49.58,lentil
71.71,49.08,48.6,21.38,65.99,6.16,134.39,maize
16.74,11.57,32.07,27.75,78.43,5.49,155.22,coconut
68.96,53.06,41.88,23.76,73.18,5.94,78.15,maize
19.81,46.16,14.07,24.56,78.9,6.91,64.67,mungbean
116.3,37.83,38.27,22.65,68.42,5.5,82.96,cotton
19.96,12.73,37.32,29.44,91.89,5.89,187.16,coconut
18.47,20.76,37.86,25.39,98.47,5.59,155.35,coconut
23.0,128.32,205.88,23.36,68.84,6.01,62.87,grapes
27.27,26.88,25.81,25.77,46.64,6.93,104.45,mango
18.8,118.85,175.08,26.04,49.76,6.28,66.1,grapes
86.82,47.9,35.1,24.47,59.59,6.18,108.92,maize
86.75,48.66,38.39,26.32,78.03,6.07,209.92,rice
38.73,58.72,17.86,32.24,68.34,6.34,73.91,blackgram
109.12,109.59,47.56,27.13,75.32,6.03,124.46,banana
68.05,50.05,38.29,25.39,75.68,6.08,254.32,rice
82.38,46.03,41.54,24.83,71.46,6.31,265.6,rice
17.83,47.16,17.53,31.98,78.08,7.25,57.09,mungbean
18.18,59.54,10.46,19.29,56.01,5.97,84.84,kidneybeans
15.09,17.51,44.62,22.75,62.86,6.81,112.98,pomegranate
55.8,40.44,54.78,26.96,71.65,5.77,142.63,papaya
16.07,31.02,30.4,24.45,64.13,6.79,94.15,mango
21.69,164.45,202.66,22.63,65.56,6.19,123.55,apple
45.79,62.93,69.28,20.4,61.3,6.46,66.8,chickpea
19.02,67.19,13.39,22.7,66.26,7.46,46.78,lentil
17.94,53.55,19.14,16.69,67.8,6.53,94.96,kidneybeans
13.53,58.13,21.18,25.69,74.7,7.17,47.3,lentil
19.99,46.11,21.79,27.0,74.46,7.54,36.84,lentil
51.42,41.62,47.82,26.07,80.79,6.86,162.24,papaya
61.12,51.59,45.01,27.06,62.36,6.12,145.63,papaya
102.33,29.29,51.96,28.89,79.23,6.63,47.09,watermelon
27.76,81.62,14.99,22.53,58.81,6.37,105.86,kidneybeans
36.39,45.79,28.76,28.99,69.62,6.84,74.84,blackgram
23.42,16.62,29.71,27.3,84.63,6.25,154.7,coconut
19.21,134.11,183.55,19.69,70.98,6.29,121.81,apple
143.65,45.83,36.96,22.49,62.76,5.19,96.32,cotton
125.76,17.9,38.78,20.4,76.4,6.47,64.13,watermelon
38.85,67.77,16.55,24.83,65.85,5.89,67.99,blackgram
100.78,43.24,37.41,23.04,58.26,5.84,81.68,cotton
13.79,100.83,206.22,20.94,75.42,6.37,122.34,apple
22.78,44.77,22.21,27.45,52.54,7.03,29.63,mothbeans
112.02,84.64,56.03,28.35,75.36,5.73,110.3,banana
15.15,43.97,16.54,31.2,82.5,7.03,59.97,mungbean
82.73,39.44,38.24,27.01,71.64,6.35,226.28,rice
10.77,42.34,22.08,26.54,81.79,7.12,56.01,mungbean
20.67,119.94,235.13,21.28,64.11,5.84,121.79,apple
18.12,55.1,21.36,28.39,64.85,6.35,100.06,pigeonpeas
21.51,63.4,16.86,20.89,61.77,6.61,98.92,kidneybeans
116.4,44.14,38.03,24.6,60.97,5.96,74.49,cotton
84.41,55.34,40.68,27.27,79.0,5.79,194.52,rice
43.98,54.06,25.45,31.48,64.27,5.73,65.4,blackgram
107.37,11.53,66.38,27.59,79.83,6.78,69.82,watermelon
45.82,55.56,35.69,27.62,87.72,7.0,151.78,papaya
18.63,49.62,12.34,27.57,82.1,6.59,42.13,mungbean
25.29,68.2,9.78,21.29,74.01,7.04,38.9,lentil
20.05,22.96,31.97,24.81,54.28,6.39,107.74,mango
21.04,16.01,5.94,22.69,63.13,7.32,108.9,orange
23.95,63.05,32.01,27.33,54.53,6.69,116.61,pigeonpeas
27.14,122.8,219.41,22.15,64.01,5.7,80.38,grapes
73.3,60.84,38.54,25.56,66.92,6.0,112.34,maize
12.03,19.76,24.8,24.31,58.12,7.65,84.86,mango
85.37,42.58,45.04,29.18,66.34,6.8,111.21,maize
14.86,112.8,221.94,22.85,62.31,6.68,72.96,grapes
20.97,37.04,21.95,28.98,56.39,7.34,45.7,mothbeans
23.58,21.83,18.12,23.37,78.45,6.95,127.6,orange
15.83,64.39,26.3,23.29,59.66,6.73,46.61,lentil
14.43,67.91,12.04,17.86,63.36,6.46,140.4,kidneybeans
70.69,59.46,45.77,24.96,74.39,6.17,97.58,maize
97.56,18.83,50.07,28.43,77.88,6.9,51.43,muskmelon
23.44,69.61,21.21,24.5,64.74,7.04,39.19,lentil
18.99,73.42,12.57,21.64,57.44,5.8,104.72,kidneybeans
27.27,42.37,14.62,27.0,61.43,7.21,43.96,mothbeans
27.68,56.99,23.82,24.18,62.33,5.78,114.47,pigeonpeas
14.8,9.02,29.48,21.23,52.85,6.11,100.79,pomegranate
34.07,60.93,94.95,18.41,42.3,6.15,75.26,chickpea
18.47,18.21,31.11,29.3,81.93,5.95,178.75,coconut
104.02,101.14,43.35,27.37,73.2,6.01,104.38,banana
21.59,15.58,10.85,25.36,71.4,6.9,97.86,orange
21.01,19.95,31.53,26.74,70.72,6.9,85.89,mango
34.22,55.1,68.63,21.02,62.47,6.65,52.48,chickpea
41.32,60.74,73.47,21.06,52.59,6.89,77.46,chickpea
18.24,19.13,40.72,22.96,60.18,6.44,91.96,pomegranate
97.38,25.19,38.55,25.58,79.27,5.99,49.85,watermelon
68.13,48.83,46.15,25.98,62.64,6.48,106.49,maize
49.6,41.26,41.26,28.4,77.64,6.81,135.71,papaya
22.56,25.37,37.43,25.29,86.78,6.15,178.48,coconut
41.77,63.59,24.97,27.65,73.46,6.61,75.24,blackgram
28.65,55.58,27.13,25.07,59.35,7.5,41.35,mothbeans
97.94,49.39,49.47,26.82,72.57,6.18,189.06,rice
23.7,49.79,33.02,27.82,75.25,7.07,61.55,mungbean
21.88,59.74,26.64,21.74,67.76,5.47,115.45,kidneybeans
120.53,43.62,45.63,24.44,53.73,6.03,89.8,cotton
19.83,7.87,7.09,22.5,74.93,7.17,140.72,orange
100.61,26.77,54.3,25.42,64.12,6.87,40.01,muskmelon
25.05,50.14,12.51,25.64,42.77,7.01,36.05,mothbeans
17.39,71.6,25.26,23.37,65.27,7.17,46.05,lentil
114.68,13.39,43.13,26.58,70.04,6.45,52.67,watermelon
22.11,51.25,20.49,32.71,75.73,6.91,48.61,mungbean
23.34,51.57,19.78,24.97,82.24,6.22,57.47,mungbean
115.32,47.19,38.16,23.86,71.23,5.98,103.04,cotton
40.53,58.56,71.06,19.53,58.26,6.47,78.94,chickpea
36.96,64.61,82.9,18.69,59.35,6.82,57.97,chickpea
14.55,112.93,201.93,18.3,66.92,5.77,117.36,apple
78.59,55.5,41.66,25.96,71.41,6.38,113.09,maize
37.75,62.56,22.92,25.87,65.22,5.79,71.78,blackgram
16.15,20.05,27.9,26.03,89.74,6.04,137.39,coconut
39.43,67.98,87.97,20.72,55.78,7.09,74.47,chickpea
13.91,21.39,37.43,22.0,51.5,6.72,105.31,pomegranate
37.32,68.58,23.38,28.51,63.45,6.7,64.59,blackgram
8.99,100.4,196.56,22.65,57.05,6.68,72.63,grapes
26.15,40.28,13.03,30.2,80.95,6.58,42.34,mungbean
82.54,36.4,34.72,26.06,87.03,6.9,296.93,rice
21.43,20.01,9.52,23.57,73.88,6.77,127.53,orange
16.4,134.91,198.87,20.3,72.14,5.8,102.66,apple
10.25,13.34,10.04,23.3,77.27,7.09,116.19,orange
24.88,63.69,27.15,25.96,66.46,6.61,57.6,lentil
76.77,75.38,54.94,27.55,81.54,6.18,119.74,banana
9.81,143.23,197.89,22.63,61.64,6.13,62.49,grapes
86.72,47.06,40.28,25.5,77.67,6.31,217.43,rice
22.62,76.63,17.12,20.51,65.4,5.81,90.85,kidneybeans
25.63,55.45,22.36,28.09,51.97,6.77,87.39,pigeonpeas
31.36,16.03,6.12,23.74,72.18,6.51,130.09,orange
89.77,2.2,47.1,27.0,72.91,6.6,65.57,watermelon
17.8,157.1,160.33,20.69,64.03,6.52,119.12,apple
43.48,40.76,48.77,27.74,68.16,6.75,158.28,papaya
17.07,83.06,21.22,19.23,64.6,6.02,106.39,kidneybeans
28.13,37.6,28.89,29.19,54.94,7.56,46.27,mothbeans
19.4,147.42,231.45,24.36,75.31,5.86,83.63,grapes
13.16,20.97,26.89,24.98,52.64,7.22,80.19,mango
93.78,15.32,42.28,24.03,66.59,6.19,37.0,muskmelon
82.36,39.01,40.93,25.9,90.16,6.49,229.42,rice
31.14,57.96,74.2,19.76,55.23,6.69,84.44,chickpea
25.17,38.08,21.66,28.94,84.51,6.99,35.98,mungbean
31.06,51.49,12.04,28.54,61.09,6.42,44.94,mothbeans
124.58,18.71,50.29,25.9,75.34,6.46,56.52,watermelon
119.76,38.08,43.62,24.74,55.21,6.21,84.35,cotton
10.61,60.22,24.38,19.99,64.47,6.65,110.9,kidneybeans
45.72,63.88,67.06,19.93,56.3,6.73,69.8,chickpea
20.22,129.0,199.25,23.41,68.68,5.81,62.04,grapes
14.76,112.78,205.78,23.45,66.29,6.18,64.73,grapes
25.0,70.89,23.98,18.7,61.7,5.96,94.47,kidneybeans
14.76,40.33,21.06,29.2,80.98,7.12,56.59,mungbean
19.11,124.57,227.89,21.37,77.98,5.52,118.5,apple
81.3,22.1,52.53,27.5,65.03,6.99,32.52,muskmelon
110.42,15.12,48.58,26.47,70.15,5.96,52.13,muskmelon
88.55,16.75,55.5,25.19,69.44,6.51,59.34,watermelon
99.83,37.82,40.06,23.19,69.89,6.78,89.88,cotton
96.55,83.41,45.92,25.41,84.31,6.18,130.48,banana
119.43,45.17,34.53,24.33,51.71,6.33,84.06,cotton
81.72,45.39,36.37,27.28,74.93,6.47,214.97,rice
20.17,12.38,28.27,31.08,83.97,5.67,214.8,coconut
26.21,80.28,23.07,20.58,65.12,5.62,113.83,kidneybeans
55.07,40.59,58.07,26.26,69.58,7.06,143.83,papaya
15.37,83.51,14.71,17.12,59.08,6.15,103.71,kidneybeans
78.43,36.54,40.38,24.55,83.4,6.21,262.29,rice
102.42,85.8,41.31,28.16,90.33,6.23,104.22,banana
77.58,46.83,46.01,26.6,68.25,6.31,221.9,rice
126.0,31.86,47.9,24.14,66.3,5.96,91.24,cotton
10.25,12.77,30.81,28.75,89.15,5.87,198.24,coconut
110.48,62.86,59.54,28.42,77.77,6.43,95.35,banana
108.78,38.62,37.82,26.46,59.32,5.68,83.24,cotton
14.72,8.7,41.12,19.33,57.91,6.05,100.36,pomegranate
22.2,45.18,18.74,26.59,53.26,7.07,38.86,mothbeans
98.43,19.15,55.36,23.6,74.97,6.99,55.02,muskmelon
59.41,60.89,52.31,30.53,77.74,6.83,137.15,papaya
18.69,60.23,30.14,23.01,62.07,6.82,103.07,pigeonpeas
80.46,51.47,42.23,28.26,83.1,5.77,183.88,rice
128.55,49.22,43.02,22.27,51.7,5.86,82.26,cotton
18.42,74.96,21.0,27.95,66.02,6.8,45.03,lentil
116.64,45.57,30.59,28.54,74.66,5.05,84.01,cotton
30.98,63.9,11.6,27.31,62.4,5.77,73.27,blackgram
17.89,57.56,31.79,27.91,61.17,6.32,100.16,pigeonpeas
69.81,43.61,38.61,25.92,78.67,6.37,246.74,rice
127.63,37.64,33.71,28.12,69.28,6.31,81.04,cotton
35.99,72.93,16.58,26.27,74.22,6.57,65.36,blackgram
21.52,16.3,45.25,18.55,61.44,6.36,87.66,pomegranate
98.19,42.69,50.77,25.05,58.42,5.59,96.04,cotton
35.22,54.52,38.25,27.77,76.76,6.55,129.14,papaya
119.44,25.28,54.44,25.36,78.39,6.89,41.91,muskmelon
29.87,19.49,8.83,24.49,85.24,7.7,137.09,orange
17.95,67.69,18.11,21.15,51.6,6.3,100.22,kidneybeans
46.4,40.89,45.12,29.7,76.76,6.75,101.87,papaya
55.4,48.97,45.24,26.28,70.82,7.2,143.32,papaya
100.52,76.75,39.69,25.34,87.41,6.33,88.32,banana
143.96,38.1,34.25,21.83,56.12,5.49,78.65,cotton
29.46,17.33,12.86,24.59,79.63,6.86,123.92,orange
17.29,27.86,31.88,28.56,54.28,7.01,88.94,mango
107.99,39.51,33.58,27.8,66.93,5.99,73.23,cotton
19.18,81.72,20.31,19.57,61.47,6.0,126.66,kidneybeans
24.04,18.67,35.73,26.49,96.45,6.65,174.41,coconut
16.78,69.45,14.64,20.32,70.67,5.97,102.52,kidneybeans
20.51,16.15,12.35,24.66,70.85,6.76,140.89,orange
148.87,44.95,43.67,24.63,59.75,5.88,91.34,cotton
21.9,109.65,180.09,21.67,80.62,6.37,102.62,apple
42.06,65.51,66.45,20.41,54.52,7.43,83.05,chickpea
27.75,54.52,24.4,24.08,45.93,6.73,92.59,pigeonpeas
124.45,14.26,53.77,23.52,69.17,6.26,66.76,watermelon
45.87,45.73,64.43,18.84,63.77,6.9,81.91,chickpea
22.11,71.13,25.85,21.39,69.53,6.8,24.87,lentil
25.28,58.62,6.3,20.32,73.53,6.76,38.99,lentil
19.51,148.18,244.45,22.66,74.71,5.76,121.72,apple
16.11,34.25,28.24,28.4,35.49,7.25,105.86,mango
22.79,122.38,172.36,19.75,64.15,6.37,126.13,apple
109.43,17.88,52.74,25.37,67.16,6.69,58.41,watermelon
38.03,58.64,70.7,19.91,63.56,7.44,71.98,chickpea
87.96,55.57,49.92,25.5,78.97,6.23,83.55,maize
22.06,71.08,22.22,19.22,70.72,5.84,119.27,kidneybeans
21.49,70.71,14.84,23.52,64.3,7.54,60.4,lentil
22.91,15.41,29.84,29.99,86.46,5.95,156.47,coconut
22.03,57.46,27.55,26.81,57.63,6.91,103.56,pigeonpeas
86.25,21.49,42.59,25.22,72.59,7.2,51.62,watermelon
18.36,14.19,10.68,26.09,73.56,7.02,107.54,orange
25.51,107.77,220.69,21.61,71.89,6.6,117.6,apple
81.96,53.75,35.5,27.24,71.9,6.08,224.3,rice
20.22,16.97,2.85,24.4,78.61,6.81,117.52,orange
104.1,39.23,38.72,26.9,84.61,6.07,216.47,rice
11.78,21.7,35.44,19.88,49.49,6.08,112.77,pomegranate
106.01,18.96,41.83,27.16,67.6,6.61,53.18,watermelon
25.36,37.42,28.53,30.02,56.78,6.53,46.69,mothbeans
20.22,40.27,20.34,28.45,79.16,7.57,50.81,mungbean
117.6,21.96,56.57,27.7,68.29,6.6,47.94,muskmelon
18.77,21.75,23.73,27.46,55.37,6.9,114.18,mango
21.69,118.99,184.49,19.56,70.81,6.16,68.5,grapes
93.36,27.41,53.12,29.47,69.58,6.73,37.51,muskmelon
41.44,43.26,46.55,29.04,77.8,6.33,166.34,papaya
27.89,45.51,21.1,27.53,63.87,6.68,40.3,mothbeans
13.64,107.41,210.26,26.82,67.36,5.86,76.44,grapes
20.42,47.38,21.94,25.92,55.95,7.36,51.22,mothbeans
15.69,71.83,17.2,20.97,71.13,6.71,41.73,lentil
13.79,68.14,20.55,23.9,53.74,6.52,106.89,kidneybeans
20.37,148.17,221.11,18.22,74.07,6.42,103.88,apple
21.08,124.32,211.21,23.91,65.35,5.78,84.23,grapes
54.93,50.16,48.06,26.95,83.36,6.27,142.8,papaya
22.96,21.29,23.23,26.37,50.55,6.14,77.59,mango
50.94,48.74,49.59,24.06,86.46,6.23,162.85,papaya
15.58,24.72,40.71,23.21,55.05,6.46,112.77,pomegranate
45.44,75.04,82.11,19.6,57.91,6.62,74.99,chickpea
42.13,70.21,58.08,19.84,41.92,6.81,74.96,chickpea
100.07,15.88,52.44,23.75,55.24,7.18,52.23,muskmelon
15.59,17.07,31.09,29.92,94.52,6.38,193.14,coconut
87.57,30.3,48.77,30.81,76.36,6.09,39.67,muskmelon
91.34,12.25,60.78,20.94,65.98,7.46,59.73,watermelon
15.08,46.62,24.98,28.27,78.42,7.0,47.23,mungbean
10.74,21.3,41.34,21.87,57.02,6.2,83.8,pomegranate
4.68,37.52,29.43,27.52,66.1,7.23,55.11,mungbean
23.07,76.86,18.74,15.03,56.02,6.43,70.0,kidneybeans
32.5,64.51,80.87,19.25,59.99,6.33,71.34,chickpea
51.15,48.7,49.67,29.35,78.02,6.36,135.18,papaya
11.31,143.16,239.29,22.83,66.75,6.39,66.08,grapes
36.21,61.5,86.59,20.51,57.04,7.03,71.63,chickpea
112.35,38.21,44.17,27.7,67.14,5.86,86.88,cotton
27.37,81.16,5.66,18.93,61.01,5.39,106.19,kidneybeans
24.34,114.09,187.58,22.06,67.06,6.41,68.45,grapes
21.73,46.26,14.88,29.63,47.78,6.9,40.31,mothbeans
18.88,51.78,34.29,28.66,58.5,6.83,30.52,mothbeans
18.7,73.19,24.37,21.73,59.87,6.94,58.81,lentil
41.45,65.12,83.5,21.26,43.38,7.03,66.16,chickpea
9.15,51.67,23.98,19.61,63.5,5.54,104.71,kidneybeans
31.84,53.35,36.15,28.79,65.83,6.41,102.26,pigeonpeas
21.28,68.68,30.38,21.98,70.15,6.97,32.43,lentil
21.69,75.0,30.64,27.18,54.36,6.21,105.92,pigeonpeas
20.21,74.65,20.1,21.34,68.26,6.73,60.1,lentil
21.05,20.5,34.6,28.68,97.63,5.18,173.73,coconut
24.34,93.54,198.5,19.23,69.2,6.02,116.9,apple
23.11,10.98,25.07,30.14,92.13,5.92,193.85,coconut
23.66,19.81,17.23,24.03,74.78,7.35,135.45,orange
45.96,45.93,57.89,28.79,79.25,6.77,139.98,papaya
48.26,59.74,101.43,20.09,47.34,6.82,65.31,chickpea
21.06,131.2,198.61,25.46,61.3,6.35,74.52,grapes
20.04,60.48,12.69,24.9,69.52,7.2,32.67,lentil
15.07,113.27,193.38,15.76,68.76,6.01,125.82,apple
28.02,101.88,157.91,18.51,71.72,6.42,121.04,apple
101.46,27.93,45.06,27.0,60.18,7.27,44.33,muskmelon
13.0,16.93,29.95,31.45,88.48,6.41,152.63,coconut
19.18,75.67,20.2,28.35,49.88,6.07,124.11,pigeonpeas
14.75,131.95,191.67,26.67,59.58,5.74,61.85,grapes
24.18,12.83,28.75,25.97,86.11,6.62,181.58,coconut
15.08,123.29,160.81,16.39,74.44,5.94,127.04,apple
23.46,23.75,15.65,19.42,65.91,6.7,97.06,orange
27.69,16.7,31.03,29.62,96.56,6.27,210.66,coconut
19.31,136.96,159.58,22.44,58.18,6.62,77.36,grapes
46.86,47.16,62.99,28.8,83.67,6.41,140.02,papaya
23.47,100.19,182.97,18.49,70.13,6.77,142.91,apple
44.34,69.25,21.05,27.18,67.4,5.5,72.54,blackgram
130.47,37.65,45.68,23.63,64.67,5.86,88.57,cotton
97.79,94.37,60.9,28.29,70.86,6.37,115.72,banana
26.18,50.1,17.19,26.89,47.83,6.63,30.37,mothbeans
20.21,13.32,0.71,23.81,78.97,6.38,136.34,orange
15.47,66.3,24.85,25.73,61.01,7.23,38.73,lentil
20.48,22.75,33.19,22.1,42.17,6.42,113.66,pomegranate
40.06,67.1,80.46,20.13,48.51,6.75,68.29,chickpea
86.77,21.0,52.62,26.34,65.98,5.96,45.89,watermelon
25.96,68.83,13.28,29.86,62.25,6.78,89.63,pigeonpeas
42.84,43.03,41.08,28.4,82.27,7.13,133.07,papaya
27.33,120.65,188.73,24.37,53.98,5.72,78.24,grapes
98.78,20.4,50.05,27.43,69.06,5.87,57.15,watermelon
44.28,55.3,18.04,24.16,60.93,6.5,77.82,blackgram
122.29,32.5,45.65,24.81,66.95,5.93,83.61,cotton
20.13,13.92,12.88,26.01,77.6,7.16,120.74,orange
20.85,61.14,24.91,27.51,66.51,5.78,117.27,pigeonpeas
21.76,115.24,215.34,21.3,65.39,6.03,84.29,apple
129.14,3.8,47.48,25.99,67.31,6.81,61.51,watermelon
12.57,45.54,16.16,28.65,73.24,6.42,56.87,mungbean
15.43,129.89,171.23,24.74,71.35,6.1,54.44,grapes
10.78,59.28,14.63,20.09,65.7,6.12,34.42,lentil
58.01,43.79,50.48,25.46,74.72,7.02,146.8,papaya
93.65,16.75,50.82,26.26,61.34,6.58,47.72,muskmelon
47.91,62.8,24.53,26.95,61.39,7.1,71.82,blackgram
27.39,45.0,20.2,29.73,43.28,6.31,47.19,mothbeans
94.88,13.32,52.47,28.33,64.7,6.55,49.3,muskmelon
27.99,127.96,233.3,21.56,59.46,5.59,72.1,grapes
14.98,136.82,204.44,21.0,63.87,5.48,69.55,grapes
18.3,49.5,10.53,28.39,64.45,7.17,46.37,mothbeans
39.71,60.04,25.7,29.67,63.02,6.43,75.58,blackgram
46.69,45.1,13.6,25.64,64.62,6.37,81.75,blackgram
28.65,47.62,25.13,26.6,62.05,6.4,86.68,pigeonpeas
128.03,33.84,31.44,28.59,56.15,5.95,80.94,cotton
16.94,5.77,8.61,25.06,78.59,7.01,105.67,orange
30.44,22.58,42.52,22.27,48.95,6.34,93.93,pomegranate
29.11,36.1,25.14,26.67,78.61,6.72,47.34,mungbean
82.64,89.75,47.82,28.55,73.11,6.26,109.44,banana
24.43,113.98,213.33,23.96,61.9,6.27,73.27,grapes
156.31,43.28,36.92,26.23,72.83,5.43,76.41,cotton
19.8,19.34,32.26,32.01,97.51,6.51,240.48,coconut
10.82,16.9,23.19,30.26,90.18,5.91,161.77,coconut
25.11,134.38,177.77,23.77,62.17,6.01,67.9,grapes
53.69,48.95,46.87,27.33,75.03,5.76,161.05,papaya
20.95,18.31,1.57,22.13,82.37,7.14,56.8,orange
24.77,138.15,195.85,22.98,54.57,5.63,72.67,grapes
33.55,8.98,3.7,21.28,74.38,7.31,128.51,orange
8.3,19.72,33.14,24.12,41.79,7.43,83.13,mango
134.82,35.92,49.02,22.61,69.69,5.64,84.99,cotton
19.13,25.46,29.24,26.94,41.34,6.46,88.39,mango
22.55,146.79,168.46,19.78,71.18,6.5,110.26,apple
70.87,46.62,49.75,24.93,54.35,6.48,102.38,maize
18.75,63.2,22.67,31.27,49.57,6.47,90.79,pigeonpeas
102.94,22.96,48.88,28.12,75.36,5.99,46.18,watermelon
18.8,70.93,20.39,21.54,59.83,6.12,92.54,kidneybeans
77.45,81.42,53.17,27.95,81.4,5.52,87.85,banana
70.77,38.58,49.55,30.73,74.97,6.07,229.02,rice
104.88,60.73,43.86,29.43,88.95,5.77,100.85,banana
27.66,79.17,18.72,20.85,73.6,6.69,89.53,kidneybeans
93.8,18.8,47.7,27.44,72.89,6.95,52.64,watermelon
50.07,55.62,49.35,30.25,77.06,6.42,142.02,papaya
41.01,51.46,49.65,28.56,81.64,5.45,154.49,papaya
20.86,17.64,6.54,22.56,74.88,6.45,103.28,orange
23.12,11.86,17.5,26.05,89.63,6.02,216.37,coconut
100.16,20.07,41.11,26.03,66.06,6.84,48.69,muskmelon
58.37,39.5,47.82,23.56,49.61,6.57,113.6,maize
18.48,20.81,33.52,29.23,49.7,7.26,68.72,mango
17.5,52.0,22.31,29.21,56.16,6.62,98.22,pigeonpeas
118.36,24.68,50.46,24.89,64.4,6.62,47.02,muskmelon
18.4,25.03,30.98,27.65,41.86,6.26,80.42,mango
82.9,5.26,42.93,24.54,62.31,6.24,38.88,watermelon
22.13,20.43,31.36,17.68,56.53,6.29,89.03,pomegranate
14.87,22.55,23.94,24.7,52.41,6.41,93.45,mango
49.95,45.7,55.88,25.75,86.91,6.39,145.36,papaya
18.05,71.22,24.28,27.52,73.95,6.93,101.14,pigeonpeas
45.3,69.05,25.23,26.65,64.0,6.76,73.29,blackgram
17.1,103.17,242.24,24.48,72.68,5.74,104.33,apple
34.74,71.74,16.69,28.4,71.4,6.63,70.79,blackgram
29.62,119.74,207.58,23.59,66.7,6.84,115.07,apple
14.39,18.82,11.23,24.1,63.96,6.48,129.55,orange
15.33,50.11,11.25,26.58,58.87,6.25,118.59,pigeonpeas
89.56,47.52,51.14,24.77,78.93,5.92,236.26,rice
19.93,119.85,193.48,21.79,77.35,5.97,105.77,apple
21.62,102.69,187.56,19.63,66.44,5.82,57.5,grapes
23.79,15.82,34.87,26.99,90.65,5.77,188.6,coconut
17.95,152.5,181.43,22.28,64.22,6.14,66.29,grapes
75.44,14.5,56.61,31.02,72.36,6.67,41.54,muskmelon
99.17,77.81,47.86,26.54,83.13,6.28,107.96,banana
100.51,22.08,50.45,28.53,63.89,6.36,39.89,muskmelon
115.95,10.75,52.04,26.12,62.66,6.04,55.1,watermelon
82.71,59.74,42.32,23.74,66.88,6.21,122.57,maize
23.37,24.59,0.02,25.73,58.37,7.33,119.88,orange
126.39,21.52,53.12,24.59,67.99,6.88,42.98,muskmelon
21.28,28.43,38.61,27.31,49.32,7.33,100.45,mango
22.9,71.18,16.68,21.62,61.59,6.68,51.29,lentil
104.64,76.83,52.9,26.89,78.08,6.43,95.84,banana
79.27,53.84,43.32,24.24,75.92,6.21,187.88,rice
86.0,46.34,53.09,28.88,76.88,6.1,181.37,rice
14.85,113.21,214.82,16.66,77.65,6.42,127.41,apple
20.11,8.6,15.55,22.1,71.12,7.45,136.68,orange
30.91,57.47,23.98,26.12,56.52,6.64,108.22,pigeonpeas
44.89,72.32,82.2,22.1,57.94,7.22,77.6,chickpea
103.24,55.08,39.07,24.81,90.77,5.81,196.38,rice
51.86,45.86,50.47,26.14,87.69,6.69,156.65,papaya
26.44,58.03,24.79,27.14,55.93,6.59,141.72,pigeonpeas
10.11,34.07,41.95,21.69,58.15,7.16,109.51,pomegranate
21.18,143.78,158.78,20.06,63.49,6.38,125.73,apple
48.53,55.99,21.46,31.81,58.66,5.84,80.81,blackgram
24.86,41.14,22.91,28.86,55.09,6.72,46.04,mothbeans
24.0,67.34,13.25,22.94,60.52,7.2,54.43,lentil
103.74,15.77,32.15,24.37,71.69,6.38,56.98,watermelon
38.78,79.17,26.96,25.96,68.89,6.21,55.08,blackgram
27.1,15.79,30.47,30.59,49.3,6.19,85.72,mango
18.66,21.33,40.47,20.57,47.73,6.17,96.62,pomegranate
38.67,58.73,89.61,20.56,53.3,6.76,77.01,chickpea
84.05,46.07,41.88,22.57,61.07,6.45,107.5,maize
14.7,17.79,40.79,21.99,67.37,6.83,111.71,pomegranate
27.16,139.76,207.54,26.73,56.01,6.0,73.08,grapes
36.48,57.71,84.98,17.74,57.34,6.84,73.67,chickpea
134.36,34.08,42.08,25.03,62.09,5.82,99.11,cotton
79.77,97.31,49.41,25.83,76.36,5.68,122.93,banana
18.56,21.62,12.3,26.63,76.06,7.86,122.56,orange
129.29,43.52,49.28,26.81,56.44,5.65,71.04,cotton
85.87,52.49,44.23,25.13,76.71,7.03,110.92,maize
15.03,6.33,17.66,25.47,78.6,6.69,146.08,orange
89.42,39.7,38.03,27.84,79.86,6.46,195.35,rice
23.97,71.64,16.72,21.71,71.48,6.17,117.27,kidneybeans
90.31,34.79,44.82,26.32,75.34,6.03,226.96,rice
20.53,18.36,37.81,22.76,51.77,6.49,81.02,pomegranate
35.7,59.84,17.07,27.98,59.3,6.44,73.78,blackgram
18.26,59.26,24.02,18.28,64.42,6.2,128.14,kidneybeans
21.0,126.97,147.53,19.86,65.99,5.78,134.79,apple
29.48,44.42,16.59,27.38,55.71,6.86,101.03,pigeonpeas
8.95,134.18,168.48,20.24,72.23,6.41,98.38,apple
73.78,59.63,40.65,23.02,66.21,6.6,110.15,maize
46.66,45.6,36.61,29.32,74.15,6.22,124.47,papaya
27.86,54.18,15.01,27.87,80.88,7.69,66.84,mungbean
88.53,21.68,45.21,26.67,73.09,6.46,51.31,muskmelon
99.31,25.07,40.44,28.28,63.37,6.12,36.01,muskmelon
91.2,26.1,46.89,26.91,79.48,6.6,54.91,muskmelon
24.14,50.64,19.84,28.96,53.82,6.88,33.74,mothbeans
87.49,17.44,49.38,25.6,71.0,6.82,36.29,muskmelon
36.34,38.97,20.35,25.88,50.33,6.78,36.54,mothbeans
101.3,18.9,54.62,29.35,62.14,6.44,33.51,muskmelon
14.69,23.08,32.45,20.19,64.06,6.12,110.44,pomegranate
8.16,15.09,36.24,20.36,46.83,6.0,90.14,pomegranate
101.77,38.5,47.51,21.64,63.36,6.19,105.09,cotton
21.13,20.06,12.15,23.3,70.22,7.3,74.9,orange
48.04,45.87,48.03,27.98,73.16,6.77,182.12,papaya
25.51,33.25,21.33,26.09,56.2,6.45,49.34,mothbeans
28.26,59.93,27.57,26.25,73.38,5.85,120.89,pigeonpeas
19.51,67.78,9.51,17.89,60.42,5.76,122.41,kidneybeans
20.28,20.09,27.93,26.53,45.64,6.37,74.73,mango
98.24,20.18,44.69,28.6,65.72,6.61,49.87,muskmelon
10.42,67.35,13.12,22.36,62.81,6.75,40.73,lentil
115.56,20.51,38.76,26.91,69.69,7.04,42.3,muskmelon
5.57,18.01,40.29,20.49,53.52,6.67,87.05,pomegranate
12.49,11.32,9.35,23.7,76.95,7.39,136.54,orange
25.88,96.35,230.9,19.44,74.39,5.74,115.07,apple
40.82,71.57,88.39,17.58,41.52,7.15,85.69,chickpea
9.99,21.2,34.92,25.87,45.03,7.26,104.47,mango
40.93,55.43,18.15,25.87,63.98,7.14,59.38,blackgram
81.51,44.9,35.56,27.08,86.67,6.22,249.76,rice
19.17,14.96,21.3,28.83,87.29,6.44,192.77,coconut
101.09,43.95,35.45,24.12,60.01,6.04,67.6,cotton
12.89,17.83,26.22,25.1,54.53,6.92,101.87,mango
74.31,52.17,45.3,23.12,70.4,6.56,107.89,maize
24.58,56.57,10.22,24.75,66.73,6.17,109.54,pigeonpeas
73.26,41.9,35.44,25.33,71.45,5.69,276.21,rice
16.87,113.88,202.57,21.81,83.72,5.67,119.35,apple
97.25,84.26,53.78,25.51,82.31,6.24,89.17,banana
26.92,70.41,28.14,23.39,79.34,6.73,38.87,lentil
18.14,21.9,34.87,18.3,50.73,6.7,108.28,pomegranate
46.91,73.12,25.67,25.81,66.21,6.65,54.8,blackgram
64.14,53.77,48.07,21.81,69.2,7.02,112.27,maize
27.96,42.93,7.8,29.41,73.81,6.81,54.31,mungbean
35.99,53.66,66.72,28.12,71.07,6.6,122.72,papaya
19.72,24.8,26.37,31.29,49.6,6.66,90.28,mango
26.78,40.64,16.84,29.61,64.04,6.15,52.75,mungbean
14.57,141.56,175.6,18.79,66.46,6.17,119.46,apple
26.24,58.9,29.37,26.04,50.56,5.92,98.3,pigeonpeas
83.91,42.52,39.59,22.46,73.32,5.74,193.67,rice
18.53,42.33,22.19,29.6,75.39,7.08,62.84,mungbean
15.95,92.68,214.06,27.32,73.34,5.91,70.07,grapes
39.41,59.61,23.53,27.37,58.16,6.45,70.57,blackgram
27.55,48.23,5.41,30.14,36.71,6.78,53.2,mothbeans
18.73,56.28,15.07,17.95,76.74,6.63,99.81,kidneybeans
25.66,13.19,9.75,22.89,79.7,7.54,125.3,orange
122.13,46.24,50.17,26.37,68.3,6.27,102.44,cotton
19.31,126.22,227.02,21.36,63.58,6.07,64.09,grapes
11.45,12.28,15.74,20.6,62.05,7.01,139.74,orange
7.25,17.45,34.42,17.89,50.23,6.13,107.01,pomegranate
119.83,33.27,48.04,25.14,58.27,6.17,79.03,cotton
79.98,78.83,60.15,26.66,85.84,6.32,110.94,banana
18.65,17.19,11.71,22.31,67.02,7.05,117.06,orange
22.53,61.1,13.37,27.43,71.42,6.24,108.27,pigeonpeas
22.58,22.72,28.8,25.55,44.03,6.43,83.33,mango
40.56,55.08,53.19,29.31,76.74,6.45,147.96,papaya
21.98,26.04,36.0,27.85,50.41,7.32,91.24,mango
99.81,19.87,47.0,23.61,83.86,6.29,50.45,watermelon
12.19,72.08,24.84,20.03,52.47,5.96,114.35,kidneybeans
21.35,107.76,177.08,21.14,75.32,5.86,124.25,apple
89.16,10.73,49.41,27.11,79.53,6.61,51.43,watermelon
16.42,22.93,40.33,19.79,53.43,6.51,99.58,pomegranate
113.78,7.51,60.41,26.36,56.1,6.38,60.23,watermelon
109.43,88.16,52.36,26.87,74.35,5.54,109.28,banana
73.85,55.39,33.34,22.17,56.11,5.48,101.05,maize
20.68,23.87,31.65,20.44,55.99,6.77,110.92,pomegranate
21.62,23.42,24.49,28.2,50.08,7.11,98.53,mango
51.58,47.96,43.72,24.35,79.34,7.06,148.54,papaya
95.95,24.34,39.69,26.03,80.27,6.48,43.09,muskmelon
19.74,44.16,13.92,29.52,49.49,7.98,41.39,mothbeans
83.44,51.24,40.82,25.21,75.79,5.61,207.16,rice
15.34,39.16,20.18,28.81,66.86,6.74,55.11,mungbean
9.87,25.08,42.42,18.63,62.25,7.28,112.02,pomegranate
22.25,70.03,16.25,19.08,60.89,5.91,127.32,kidneybeans
20.68,52.57,13.25,30.89,54.8,6.59,39.58,mothbeans
93.14,44.26,34.35,27.69,70.92,5.91,89.48,cotton
23.29,94.67,18.93,18.06,64.57,6.15,98.36,kidneybeans
44.96,63.86,20.73,28.21,59.83,6.8,60.66,blackgram
8.25,17.23,15.75,23.65,78.51,6.86,93.2,orange
22.11,64.21,16.68,22.31,57.74,7.24,45.63,lentil
15.5,18.58,50.01,24.57,55.28,6.52,95.52,pomegranate
24.9,46.64,16.51,26.94,68.12,6.9,52.16,mungbean
21.9,149.82,229.8,17.75,68.42,5.87,111.31,apple
21.66,40.26,23.39,27.16,74.87,6.47,65.41,mungbean
110.23,11.51,43.28,22.83,62.61,6.19,45.58,watermelon
36.09,68.35,85.78,19.38,60.92,7.21,87.93,chickpea
92.02,19.4,49.88,25.92,66.99,6.48,48.88,watermelon
44.52,56.49,49.71,26.42,73.75,6.3,175.32,papaya
53.05,44.63,40.42,20.32,59.22,5.98,107.35,maize
46.13,53.0,15.04,27.15,69.96,6.03,55.99,blackgram
80.25,43.28,46.38,21.94,67.68,6.02,93.07,maize
17.4,21.6,45.31,20.01,55.25,6.48,108.45,pomegranate
24.13,46.63,26.84,28.6,80.98,6.93,52.69,mungbean
28.56,50.78,22.17,25.88,67.95,6.52,102.33,pigeonpeas
16.65,28.06,37.45,21.71,38.5,6.49,96.24,pomegranate
44.43,59.02,90.08,19.85,52.06,7.12,75.28,chickpea
28.39,121.94,188.47,25.47,60.67,5.79,70.09,grapes
89.58,39.21,28.91,25.98,77.12,6.05,203.84,rice
72.93,20.35,50.17,27.33,80.64,7.13,51.28,muskmelon
71.73,37.06,36.25,26.95,70.37,6.05,90.17,maize
34.69,49.28,81.03,22.18,65.79,6.98,71.65,chickpea
30.12,40.42,14.32,24.12,53.4,6.8,32.59,mothbeans
49.38,38.9,49.05,28.1,69.98,6.67,146.55,papaya
18.13,69.1,22.61,25.1,73.54,7.25,37.53,lentil
38.9,54.73,63.74,21.73,52.89,6.44,74.13,chickpea
